<?xml version="1.0" standalone="yes"?>
<MapDataSet xmlns="http://tempuri.org/MapDataSet.xsd">
  <xs:schema id="MapDataSet" targetNamespace="http://tempuri.org/MapDataSet.xsd" xmlns:mstns="http://tempuri.org/MapDataSet.xsd" xmlns="http://tempuri.org/MapDataSet.xsd" xmlns:xs="http://www.w3.org/2001/XMLSchema" xmlns:msdata="urn:schemas-microsoft-com:xml-msdata" attributeFormDefault="qualified" elementFormDefault="qualified">
    <xs:element name="MapDataSet" msdata:IsDataSet="true" msdata:UseCurrentLocale="true">
      <xs:complexType>
        <xs:choice minOccurs="0" maxOccurs="unbounded">
          <xs:element name="View">
            <xs:complexType>
              <xs:sequence>
                <xs:element name="Id" msdata:AutoIncrement="true" msdata:AutoIncrementSeed="-1" msdata:AutoIncrementStep="-1" type="xs:int" />
                <xs:element name="Name" type="xs:string" minOccurs="0" />
              </xs:sequence>
            </xs:complexType>
          </xs:element>
          <xs:element name="Field">
            <xs:complexType>
              <xs:sequence>
                <xs:element name="Id" msdata:AutoIncrement="true" msdata:AutoIncrementSeed="-1" msdata:AutoIncrementStep="-1" type="xs:int" />
                <xs:element name="ViewId" type="xs:int" minOccurs="0" />
                <xs:element name="Name" type="xs:string" minOccurs="0" />
                <xs:element name="RelationId" type="xs:int" minOccurs="0" />
                <xs:element name="DbType" type="xs:string" minOccurs="0" />
                <xs:element name="PK" type="xs:boolean" minOccurs="0" />
                <xs:element name="AutoIncrement" type="xs:boolean" minOccurs="0" />
                <xs:element name="MaxLength" type="xs:int" minOccurs="0" />
                <xs:element name="Required" type="xs:boolean" minOccurs="0" />
                <xs:element name="DefaultValue" type="xs:string" minOccurs="0" />
              </xs:sequence>
            </xs:complexType>
          </xs:element>
          <xs:element name="Relation">
            <xs:complexType>
              <xs:sequence>
                <xs:element name="Id" msdata:AutoIncrement="true" msdata:AutoIncrementSeed="-1" msdata:AutoIncrementStep="-1" type="xs:int" />
                <xs:element name="RelatedViewName" type="xs:string" minOccurs="0" />
              </xs:sequence>
            </xs:complexType>
          </xs:element>
          <xs:element name="RelationColumns">
            <xs:complexType>
              <xs:sequence>
                <xs:element name="Id" msdata:AutoIncrement="true" msdata:AutoIncrementSeed="-1" msdata:AutoIncrementStep="-1" type="xs:int" />
                <xs:element name="RelationId" type="xs:int" minOccurs="0" />
                <xs:element name="FkColumnName" type="xs:string" minOccurs="0" />
                <xs:element name="PkColumnName" type="xs:string" minOccurs="0" />
              </xs:sequence>
            </xs:complexType>
          </xs:element>
        </xs:choice>
      </xs:complexType>
      <xs:unique name="ViewKey1" msdata:PrimaryKey="true">
        <xs:selector xpath=".//mstns:View" />
        <xs:field xpath="mstns:Id" />
      </xs:unique>
      <xs:unique name="ViewKey2">
        <xs:selector xpath=".//mstns:View" />
        <xs:field xpath="mstns:Name" />
      </xs:unique>
      <xs:unique name="Constraint1" msdata:PrimaryKey="true">
        <xs:selector xpath=".//mstns:Field" />
        <xs:field xpath="mstns:Id" />
      </xs:unique>
      <xs:unique name="FieldKey1">
        <xs:selector xpath=".//mstns:Field" />
        <xs:field xpath="mstns:ViewId" />
        <xs:field xpath="mstns:Name" />
      </xs:unique>
      <xs:unique name="Relation_Constraint1" msdata:ConstraintName="Constraint1" msdata:PrimaryKey="true">
        <xs:selector xpath=".//mstns:Relation" />
        <xs:field xpath="mstns:Id" />
      </xs:unique>
      <xs:unique name="RelationColumns_Constraint1" msdata:ConstraintName="Constraint1" msdata:PrimaryKey="true">
        <xs:selector xpath=".//mstns:RelationColumns" />
        <xs:field xpath="mstns:Id" />
      </xs:unique>
    </xs:element>
    <xs:annotation>
      <xs:appinfo>
        <msdata:Relationship name="View_Field" msdata:parent="View" msdata:child="Field" msdata:parentkey="Id" msdata:childkey="ViewId" />
        <msdata:Relationship name="Relation_Field" msdata:parent="Relation" msdata:child="Field" msdata:parentkey="Id" msdata:childkey="RelationId" />
        <msdata:Relationship name="Relation_RelationColumns" msdata:parent="Relation" msdata:child="RelationColumns" msdata:parentkey="Id" msdata:childkey="RelationId" />
      </xs:appinfo>
    </xs:annotation>
  </xs:schema>
  <View>
    <Id>-2</Id>
    <Name>users</Name>
  </View>
  <View>
    <Id>-3</Id>
    <Name>root</Name>
  </View>
  <View>
    <Id>-4</Id>
    <Name>sections</Name>
  </View>
  <View>
    <Id>-5</Id>
    <Name>items</Name>
  </View>
  <View>
    <Id>-7</Id>
    <Name>groups</Name>
  </View>
  <View>
    <Id>-8</Id>
    <Name>items_groups</Name>
  </View>
  <View>
    <Id>-9</Id>
    <Name>users_groups</Name>
  </View>
  <View>
    <Id>-10</Id>
    <Name>users_tokens</Name>
  </View>
  <View>
    <Id>-11</Id>
    <Name>users_items</Name>
  </View>
  <Field>
    <Id>-5</Id>
    <ViewId>-2</ViewId>
    <Name>id</Name>
    <DbType>System.Int32</DbType>
    <PK>true</PK>
    <AutoIncrement>true</AutoIncrement>
    <MaxLength>-1</MaxLength>
    <Required>false</Required>
    <DefaultValue />
  </Field>
  <Field>
    <Id>-6</Id>
    <ViewId>-2</ViewId>
    <Name>email</Name>
    <DbType>System.String</DbType>
    <PK>false</PK>
    <AutoIncrement>false</AutoIncrement>
    <MaxLength>255</MaxLength>
    <Required>false</Required>
    <DefaultValue />
  </Field>
  <Field>
    <Id>-7</Id>
    <ViewId>-2</ViewId>
    <Name>firstName</Name>
    <DbType>System.String</DbType>
    <PK>false</PK>
    <AutoIncrement>false</AutoIncrement>
    <MaxLength>255</MaxLength>
    <Required>false</Required>
    <DefaultValue />
  </Field>
  <Field>
    <Id>-8</Id>
    <ViewId>-2</ViewId>
    <Name>lastName</Name>
    <DbType>System.String</DbType>
    <PK>false</PK>
    <AutoIncrement>false</AutoIncrement>
    <MaxLength>255</MaxLength>
    <Required>false</Required>
    <DefaultValue />
  </Field>
  <Field>
    <Id>-10</Id>
    <ViewId>-3</ViewId>
    <Name>id</Name>
    <DbType>System.Int32</DbType>
    <PK>true</PK>
    <AutoIncrement>true</AutoIncrement>
    <MaxLength>-1</MaxLength>
    <Required>false</Required>
    <DefaultValue />
  </Field>
  <Field>
    <Id>-11</Id>
    <ViewId>-3</ViewId>
    <Name>version</Name>
    <DbType>System.Double</DbType>
    <PK>false</PK>
    <AutoIncrement>false</AutoIncrement>
    <MaxLength>-1</MaxLength>
    <Required>false</Required>
    <DefaultValue />
  </Field>
  <Field>
    <Id>-12</Id>
    <ViewId>-3</ViewId>
    <Name>homeTitle</Name>
    <DbType>System.String</DbType>
    <PK>false</PK>
    <AutoIncrement>false</AutoIncrement>
    <MaxLength>255</MaxLength>
    <Required>false</Required>
    <DefaultValue />
  </Field>
  <Field>
    <Id>-13</Id>
    <ViewId>-3</ViewId>
    <Name>imagesPath</Name>
    <DbType>System.String</DbType>
    <PK>false</PK>
    <AutoIncrement>false</AutoIncrement>
    <MaxLength>255</MaxLength>
    <Required>false</Required>
    <DefaultValue />
  </Field>
  <Field>
    <Id>-14</Id>
    <ViewId>-3</ViewId>
    <Name>popupOnDemand</Name>
    <DbType>System.Boolean</DbType>
    <PK>false</PK>
    <AutoIncrement>false</AutoIncrement>
    <MaxLength>-1</MaxLength>
    <Required>false</Required>
    <DefaultValue />
  </Field>
  <Field>
    <Id>-15</Id>
    <ViewId>-3</ViewId>
    <Name>errorMessage</Name>
    <DbType>System.String</DbType>
    <PK>false</PK>
    <AutoIncrement>false</AutoIncrement>
    <MaxLength>255</MaxLength>
    <Required>false</Required>
    <DefaultValue />
  </Field>
  <Field>
    <Id>-16</Id>
    <ViewId>-3</ViewId>
    <Name>appCatalogUrl</Name>
    <DbType>System.String</DbType>
    <PK>false</PK>
    <AutoIncrement>false</AutoIncrement>
    <MaxLength>255</MaxLength>
    <Required>false</Required>
    <DefaultValue />
  </Field>
  <Field>
    <Id>-17</Id>
    <ViewId>-3</ViewId>
    <Name>enrolmentUrl</Name>
    <DbType>System.String</DbType>
    <PK>false</PK>
    <AutoIncrement>false</AutoIncrement>
    <MaxLength>255</MaxLength>
    <Required>false</Required>
    <DefaultValue />
  </Field>
  <Field>
    <Id>-18</Id>
    <ViewId>-3</ViewId>
    <Name>usageInfoUrl</Name>
    <DbType>System.String</DbType>
    <PK>false</PK>
    <AutoIncrement>false</AutoIncrement>
    <MaxLength>255</MaxLength>
    <Required>false</Required>
    <DefaultValue />
  </Field>
  <Field>
    <Id>-19</Id>
    <ViewId>-3</ViewId>
    <Name>airAgentUrlSchemeIos</Name>
    <DbType>System.String</DbType>
    <PK>false</PK>
    <AutoIncrement>false</AutoIncrement>
    <MaxLength>255</MaxLength>
    <Required>false</Required>
    <DefaultValue />
  </Field>
  <Field>
    <Id>-20</Id>
    <ViewId>-3</ViewId>
    <Name>userName</Name>
    <DbType>System.String</DbType>
    <PK>false</PK>
    <AutoIncrement>false</AutoIncrement>
    <MaxLength>255</MaxLength>
    <Required>false</Required>
    <DefaultValue />
  </Field>
  <Field>
    <Id>-21</Id>
    <ViewId>-3</ViewId>
    <Name>updateMessage</Name>
    <DbType>System.String</DbType>
    <PK>false</PK>
    <AutoIncrement>false</AutoIncrement>
    <MaxLength>255</MaxLength>
    <Required>false</Required>
    <DefaultValue />
  </Field>
  <Field>
    <Id>-22</Id>
    <ViewId>-4</ViewId>
    <Name>id</Name>
    <DbType>System.Int32</DbType>
    <PK>true</PK>
    <AutoIncrement>true</AutoIncrement>
    <MaxLength>-1</MaxLength>
    <Required>false</Required>
    <DefaultValue />
  </Field>
  <Field>
    <Id>-23</Id>
    <ViewId>-4</ViewId>
    <Name>sectionTitle</Name>
    <DbType>System.String</DbType>
    <PK>false</PK>
    <AutoIncrement>false</AutoIncrement>
    <MaxLength>255</MaxLength>
    <Required>false</Required>
    <DefaultValue />
  </Field>
  <Field>
    <Id>-24</Id>
    <ViewId>-4</ViewId>
    <Name>sectionId</Name>
    <DbType>System.String</DbType>
    <PK>false</PK>
    <AutoIncrement>false</AutoIncrement>
    <MaxLength>255</MaxLength>
    <Required>false</Required>
    <DefaultValue />
  </Field>
  <Field>
    <Id>-25</Id>
    <ViewId>-4</ViewId>
    <Name>visible</Name>
    <DbType>System.Boolean</DbType>
    <PK>false</PK>
    <AutoIncrement>false</AutoIncrement>
    <MaxLength>-1</MaxLength>
    <Required>false</Required>
    <DefaultValue />
  </Field>
  <Field>
    <Id>-26</Id>
    <ViewId>-4</ViewId>
    <Name>root</Name>
    <RelationId>-2</RelationId>
    <DbType>System.Int32</DbType>
    <PK>false</PK>
    <AutoIncrement>false</AutoIncrement>
    <MaxLength>-1</MaxLength>
    <Required>false</Required>
    <DefaultValue />
  </Field>
  <Field>
    <Id>-27</Id>
    <ViewId>-5</ViewId>
    <Name>id</Name>
    <DbType>System.Int32</DbType>
    <PK>true</PK>
    <AutoIncrement>true</AutoIncrement>
    <MaxLength>-1</MaxLength>
    <Required>false</Required>
    <DefaultValue />
  </Field>
  <Field>
    <Id>-28</Id>
    <ViewId>-5</ViewId>
    <Name>itemTitle</Name>
    <DbType>System.String</DbType>
    <PK>false</PK>
    <AutoIncrement>false</AutoIncrement>
    <MaxLength>255</MaxLength>
    <Required>false</Required>
    <DefaultValue />
  </Field>
  <Field>
    <Id>-29</Id>
    <ViewId>-5</ViewId>
    <Name>subtitle</Name>
    <DbType>System.String</DbType>
    <PK>false</PK>
    <AutoIncrement>false</AutoIncrement>
    <MaxLength>255</MaxLength>
    <Required>false</Required>
    <DefaultValue />
  </Field>
  <Field>
    <Id>-30</Id>
    <ViewId>-5</ViewId>
    <Name>url</Name>
    <DbType>System.String</DbType>
    <PK>false</PK>
    <AutoIncrement>false</AutoIncrement>
    <MaxLength>255</MaxLength>
    <Required>false</Required>
    <DefaultValue />
  </Field>
  <Field>
    <Id>-31</Id>
    <ViewId>-5</ViewId>
    <Name>googleplayUrl</Name>
    <DbType>System.String</DbType>
    <PK>false</PK>
    <AutoIncrement>false</AutoIncrement>
    <MaxLength>255</MaxLength>
    <Required>false</Required>
    <DefaultValue />
  </Field>
  <Field>
    <Id>-32</Id>
    <ViewId>-5</ViewId>
    <Name>applestoreUrl</Name>
    <DbType>System.String</DbType>
    <PK>false</PK>
    <AutoIncrement>false</AutoIncrement>
    <MaxLength>255</MaxLength>
    <Required>false</Required>
    <DefaultValue />
  </Field>
  <Field>
    <Id>-33</Id>
    <ViewId>-5</ViewId>
    <Name>imgUrl</Name>
    <DbType>System.String</DbType>
    <PK>false</PK>
    <AutoIncrement>false</AutoIncrement>
    <MaxLength>255</MaxLength>
    <Required>false</Required>
    <DefaultValue />
  </Field>
  <Field>
    <Id>-34</Id>
    <ViewId>-5</ViewId>
    <Name>falbackImgName</Name>
    <DbType>System.String</DbType>
    <PK>false</PK>
    <AutoIncrement>false</AutoIncrement>
    <MaxLength>255</MaxLength>
    <Required>false</Required>
    <DefaultValue />
  </Field>
  <Field>
    <Id>-35</Id>
    <ViewId>-5</ViewId>
    <Name>infoTextUrl</Name>
    <DbType>System.String</DbType>
    <PK>false</PK>
    <AutoIncrement>false</AutoIncrement>
    <MaxLength>255</MaxLength>
    <Required>false</Required>
    <DefaultValue />
  </Field>
  <Field>
    <Id>-36</Id>
    <ViewId>-5</ViewId>
    <Name>googleAppId</Name>
    <DbType>System.String</DbType>
    <PK>false</PK>
    <AutoIncrement>false</AutoIncrement>
    <MaxLength>255</MaxLength>
    <Required>false</Required>
    <DefaultValue />
  </Field>
  <Field>
    <Id>-37</Id>
    <ViewId>-5</ViewId>
    <Name>appleAppId</Name>
    <DbType>System.String</DbType>
    <PK>false</PK>
    <AutoIncrement>false</AutoIncrement>
    <MaxLength>255</MaxLength>
    <Required>false</Required>
    <DefaultValue />
  </Field>
  <Field>
    <Id>-38</Id>
    <ViewId>-5</ViewId>
    <Name>appleUrlscheme</Name>
    <DbType>System.String</DbType>
    <PK>false</PK>
    <AutoIncrement>false</AutoIncrement>
    <MaxLength>255</MaxLength>
    <Required>false</Required>
    <DefaultValue />
  </Field>
  <Field>
    <Id>-39</Id>
    <ViewId>-5</ViewId>
    <Name>googleUrllaunchmode</Name>
    <DbType>System.String</DbType>
    <PK>false</PK>
    <AutoIncrement>false</AutoIncrement>
    <MaxLength>255</MaxLength>
    <Required>false</Required>
    <DefaultValue />
  </Field>
  <Field>
    <Id>-40</Id>
    <ViewId>-5</ViewId>
    <Name>appleUrllaunchmode</Name>
    <DbType>System.String</DbType>
    <PK>false</PK>
    <AutoIncrement>false</AutoIncrement>
    <MaxLength>255</MaxLength>
    <Required>false</Required>
    <DefaultValue />
  </Field>
  <Field>
    <Id>-41</Id>
    <ViewId>-5</ViewId>
    <Name>infoShowMode</Name>
    <DbType>System.Decimal</DbType>
    <PK>false</PK>
    <AutoIncrement>false</AutoIncrement>
    <MaxLength>-1</MaxLength>
    <Required>false</Required>
    <DefaultValue />
  </Field>
  <Field>
    <Id>-42</Id>
    <ViewId>-5</ViewId>
    <Name>infoShowOverride</Name>
    <DbType>System.Decimal</DbType>
    <PK>false</PK>
    <AutoIncrement>false</AutoIncrement>
    <MaxLength>-1</MaxLength>
    <Required>false</Required>
    <DefaultValue />
  </Field>
  <Field>
    <Id>-43</Id>
    <ViewId>-5</ViewId>
    <Name>itemId</Name>
    <DbType>System.String</DbType>
    <PK>false</PK>
    <AutoIncrement>false</AutoIncrement>
    <MaxLength>255</MaxLength>
    <Required>false</Required>
    <DefaultValue />
  </Field>
  <Field>
    <Id>-45</Id>
    <ViewId>-5</ViewId>
    <Name>visible</Name>
    <DbType>System.Boolean</DbType>
    <PK>false</PK>
    <AutoIncrement>false</AutoIncrement>
    <MaxLength>-1</MaxLength>
    <Required>false</Required>
    <DefaultValue />
  </Field>
  <Field>
    <Id>-46</Id>
    <ViewId>-5</ViewId>
    <Name>overrideVisibility</Name>
    <DbType>System.Boolean</DbType>
    <PK>false</PK>
    <AutoIncrement>false</AutoIncrement>
    <MaxLength>-1</MaxLength>
    <Required>false</Required>
    <DefaultValue />
  </Field>
  <Field>
    <Id>-47</Id>
    <ViewId>-5</ViewId>
    <Name>section</Name>
    <RelationId>-3</RelationId>
    <DbType>System.Int32</DbType>
    <PK>false</PK>
    <AutoIncrement>false</AutoIncrement>
    <MaxLength>-1</MaxLength>
    <Required>false</Required>
    <DefaultValue />
  </Field>
  <Field>
    <Id>-52</Id>
    <ViewId>-2</ViewId>
    <Name>country</Name>
    <DbType>System.String</DbType>
    <PK>false</PK>
    <AutoIncrement>false</AutoIncrement>
    <MaxLength>255</MaxLength>
    <Required>false</Required>
    <DefaultValue />
  </Field>
  <Field>
    <Id>-54</Id>
    <ViewId>-7</ViewId>
    <Name>id</Name>
    <DbType>System.Int32</DbType>
    <PK>true</PK>
    <AutoIncrement>true</AutoIncrement>
    <MaxLength>-1</MaxLength>
    <Required>false</Required>
    <DefaultValue />
  </Field>
  <Field>
    <Id>-55</Id>
    <ViewId>-7</ViewId>
    <Name>guid</Name>
    <DbType>System.String</DbType>
    <PK>false</PK>
    <AutoIncrement>false</AutoIncrement>
    <MaxLength>2048</MaxLength>
    <Required>false</Required>
    <DefaultValue />
  </Field>
  <Field>
    <Id>-56</Id>
    <ViewId>-7</ViewId>
    <Name>name</Name>
    <DbType>System.String</DbType>
    <PK>false</PK>
    <AutoIncrement>false</AutoIncrement>
    <MaxLength>2048</MaxLength>
    <Required>false</Required>
    <DefaultValue />
  </Field>
  <Field>
    <Id>-57</Id>
    <ViewId>-7</ViewId>
    <Name>description</Name>
    <DbType>System.String</DbType>
    <PK>false</PK>
    <AutoIncrement>false</AutoIncrement>
    <MaxLength>2048</MaxLength>
    <Required>false</Required>
    <DefaultValue />
  </Field>
  <Field>
    <Id>-58</Id>
    <ViewId>-8</ViewId>
    <Name>id</Name>
    <DbType>System.Int32</DbType>
    <PK>true</PK>
    <AutoIncrement>true</AutoIncrement>
    <MaxLength>-1</MaxLength>
    <Required>false</Required>
    <DefaultValue />
  </Field>
  <Field>
    <Id>-59</Id>
    <ViewId>-8</ViewId>
    <Name>itemId</Name>
    <RelationId>-6</RelationId>
    <DbType>System.Int32</DbType>
    <PK>false</PK>
    <AutoIncrement>false</AutoIncrement>
    <MaxLength>-1</MaxLength>
    <Required>false</Required>
    <DefaultValue />
  </Field>
  <Field>
    <Id>-60</Id>
    <ViewId>-8</ViewId>
    <Name>groupId</Name>
    <RelationId>-7</RelationId>
    <DbType>System.Int32</DbType>
    <PK>false</PK>
    <AutoIncrement>false</AutoIncrement>
    <MaxLength>-1</MaxLength>
    <Required>false</Required>
    <DefaultValue />
  </Field>
  <Field>
    <Id>-61</Id>
    <ViewId>-9</ViewId>
    <Name>id</Name>
    <DbType>System.Int32</DbType>
    <PK>true</PK>
    <AutoIncrement>true</AutoIncrement>
    <MaxLength>-1</MaxLength>
    <Required>false</Required>
    <DefaultValue />
  </Field>
  <Field>
    <Id>-62</Id>
    <ViewId>-9</ViewId>
    <Name>userId</Name>
    <RelationId>-8</RelationId>
    <DbType>System.Int32</DbType>
    <PK>false</PK>
    <AutoIncrement>false</AutoIncrement>
    <MaxLength>-1</MaxLength>
    <Required>false</Required>
    <DefaultValue />
  </Field>
  <Field>
    <Id>-63</Id>
    <ViewId>-9</ViewId>
    <Name>groupId</Name>
    <RelationId>-9</RelationId>
    <DbType>System.Int32</DbType>
    <PK>false</PK>
    <AutoIncrement>false</AutoIncrement>
    <MaxLength>-1</MaxLength>
    <Required>false</Required>
    <DefaultValue />
  </Field>
  <Field>
    <Id>-64</Id>
    <ViewId>-10</ViewId>
    <Name>id</Name>
    <DbType>System.Int32</DbType>
    <PK>true</PK>
    <AutoIncrement>true</AutoIncrement>
    <MaxLength>-1</MaxLength>
    <Required>false</Required>
    <DefaultValue />
  </Field>
  <Field>
    <Id>-65</Id>
    <ViewId>-10</ViewId>
    <Name>user</Name>
    <RelationId>-10</RelationId>
    <DbType>System.Int32</DbType>
    <PK>false</PK>
    <AutoIncrement>false</AutoIncrement>
    <MaxLength>-1</MaxLength>
    <Required>false</Required>
    <DefaultValue />
  </Field>
  <Field>
    <Id>-66</Id>
    <ViewId>-10</ViewId>
    <Name>device</Name>
    <DbType>System.String</DbType>
    <PK>false</PK>
    <AutoIncrement>false</AutoIncrement>
    <MaxLength>255</MaxLength>
    <Required>false</Required>
    <DefaultValue />
  </Field>
  <Field>
    <Id>-67</Id>
    <ViewId>-10</ViewId>
    <Name>token</Name>
    <DbType>System.String</DbType>
    <PK>false</PK>
    <AutoIncrement>false</AutoIncrement>
    <MaxLength>255</MaxLength>
    <Required>false</Required>
    <DefaultValue />
  </Field>
  <Field>
    <Id>-68</Id>
    <ViewId>-5</ViewId>
    <Name>urlShowMode</Name>
    <DbType>System.Decimal</DbType>
    <PK>false</PK>
    <AutoIncrement>false</AutoIncrement>
    <MaxLength>-1</MaxLength>
    <Required>false</Required>
    <DefaultValue />
  </Field>
  <Field>
    <Id>-69</Id>
    <ViewId>-5</ViewId>
    <Name>enrollDependency</Name>
    <DbType>System.Decimal</DbType>
    <PK>false</PK>
    <AutoIncrement>false</AutoIncrement>
    <MaxLength>-1</MaxLength>
    <Required>false</Required>
    <DefaultValue />
  </Field>
  <Field>
    <Id>-70</Id>
    <ViewId>-11</ViewId>
    <Name>id</Name>
    <DbType>System.Int32</DbType>
    <PK>true</PK>
    <AutoIncrement>true</AutoIncrement>
    <MaxLength>-1</MaxLength>
    <Required>false</Required>
    <DefaultValue />
  </Field>
  <Field>
    <Id>-71</Id>
    <ViewId>-4</ViewId>
    <Name>sectionPosition</Name>
    <DbType>System.Decimal</DbType>
    <PK>false</PK>
    <AutoIncrement>false</AutoIncrement>
    <MaxLength>-1</MaxLength>
    <Required>false</Required>
    <DefaultValue />
  </Field>
  <Field>
    <Id>-72</Id>
    <ViewId>-4</ViewId>
    <Name>order</Name>
    <DbType>System.Decimal</DbType>
    <PK>false</PK>
    <AutoIncrement>false</AutoIncrement>
    <MaxLength>-1</MaxLength>
    <Required>false</Required>
    <DefaultValue />
  </Field>
  <Field>
    <Id>-73</Id>
    <ViewId>-5</ViewId>
    <Name>itemPosition</Name>
    <DbType>System.Decimal</DbType>
    <PK>false</PK>
    <AutoIncrement>false</AutoIncrement>
    <MaxLength>-1</MaxLength>
    <Required>false</Required>
    <DefaultValue />
  </Field>
  <Field>
    <Id>-74</Id>
    <ViewId>-5</ViewId>
    <Name>order</Name>
    <DbType>System.Decimal</DbType>
    <PK>false</PK>
    <AutoIncrement>false</AutoIncrement>
    <MaxLength>-1</MaxLength>
    <Required>false</Required>
    <DefaultValue />
  </Field>
  <Relation>
    <Id>-1</Id>
    <RelatedViewName>users</RelatedViewName>
  </Relation>
  <Relation>
    <Id>-2</Id>
    <RelatedViewName>root</RelatedViewName>
  </Relation>
  <Relation>
    <Id>-3</Id>
    <RelatedViewName>sections</RelatedViewName>
  </Relation>
  <Relation>
    <Id>-4</Id>
    <RelatedViewName>users</RelatedViewName>
  </Relation>
  <Relation>
    <Id>-5</Id>
    <RelatedViewName>items</RelatedViewName>
  </Relation>
  <Relation>
    <Id>-6</Id>
    <RelatedViewName>items</RelatedViewName>
  </Relation>
  <Relation>
    <Id>-7</Id>
    <RelatedViewName>groups</RelatedViewName>
  </Relation>
  <Relation>
    <Id>-8</Id>
    <RelatedViewName>users</RelatedViewName>
  </Relation>
  <Relation>
    <Id>-9</Id>
    <RelatedViewName>groups</RelatedViewName>
  </Relation>
  <Relation>
    <Id>-10</Id>
    <RelatedViewName>users</RelatedViewName>
  </Relation>
</MapDataSet>